{
  "main": {
    "id": "89dc8280622ccfe7",
    "type": "split",
    "children": [
      {
        "id": "1ba844fe9f3465ef",
        "type": "tabs",
        "children": [
          {
            "id": "8a8ea1dbc9fa36cf",
            "type": "leaf",
            "state": {
              "type": "markdown",
              "state": {
                "file": "01 - 编程技术/Web/3.Web学习笔记（三）：JavaScript篇.md",
                "mode": "source",
                "source": false
              },
              "icon": "lucide-file",
              "title": "3.Web学习笔记（三）：JavaScript篇"
            }
          },
          {
            "id": "2be9130cbf99603e",
            "type": "leaf",
            "state": {
              "type": "markdown",
              "state": {
                "file": "图床外链文章/Java学习笔记（四）：异常处理.md",
                "mode": "source",
                "source": false
              },
              "icon": "lucide-file",
              "title": "Java学习笔记（四）：异常处理"
            }
          },
          {
            "id": "5e6c9fd0e01acab1",
            "type": "leaf",
            "state": {
              "type": "markdown",
              "state": {
                "file": "图床外链文章/Java学习笔记（三）：面向对象编程.md",
                "mode": "source",
                "source": false
              },
              "icon": "lucide-file",
              "title": "Java学习笔记（三）：面向对象编程"
            }
          },
          {
            "id": "d9ae79df99c1dc42",
            "type": "leaf",
            "state": {
              "type": "markdown",
              "state": {
                "file": "图床外链文章/Web学习笔记（三）：JavaScript篇.md",
                "mode": "source",
                "source": false
              },
              "icon": "lucide-file",
              "title": "Web学习笔记（三）：JavaScript篇"
            }
          },
          {
            "id": "1836a21862afbe64",
            "type": "leaf",
            "state": {
              "type": "markdown",
              "state": {
                "file": "未命名.md",
                "mode": "source",
                "source": false
              },
              "icon": "lucide-file",
              "title": "未命名"
            }
          },
          {
            "id": "a520fe9cfd4d35c5",
            "type": "leaf",
            "state": {
              "type": "markdown",
              "state": {
                "file": "图床外链文章/Web学习笔记（二）：CSS篇.md",
                "mode": "source",
                "source": false
              },
              "icon": "lucide-file",
              "title": "Web学习笔记（二）：CSS篇"
            }
          }
        ],
        "currentTab": 4
      }
    ],
    "direction": "vertical"
  },
  "left": {
    "id": "2551175de8933c80",
    "type": "split",
    "children": [
      {
        "id": "1393c48897918039",
        "type": "tabs",
        "children": [
          {
            "id": "0265ed20a31764c1",
            "type": "leaf",
            "state": {
              "type": "file-explorer",
              "state": {
                "sortOrder": "alphabetical",
                "autoReveal": false
              },
              "icon": "lucide-folder-closed",
              "title": "文件列表"
            }
          },
          {
            "id": "c5ace3cd6c61be46",
            "type": "leaf",
            "state": {
              "type": "search",
              "state": {
                "query": "静态方法",
                "matchingCase": false,
                "explainSearch": false,
                "collapseAll": false,
                "extraContext": false,
                "sortOrder": "alphabetical"
              },
              "icon": "lucide-search",
              "title": "搜索"
            }
          },
          {
            "id": "5894f6286b09341f",
            "type": "leaf",
            "state": {
              "type": "bookmarks",
              "state": {},
              "icon": "lucide-bookmark",
              "title": "书签"
            }
          }
        ]
      }
    ],
    "direction": "horizontal",
    "width": 314.5
  },
  "right": {
    "id": "32fa3ccbb191afcd",
    "type": "split",
    "children": [
      {
        "id": "8c242652a24a7b6b",
        "type": "tabs",
        "children": [
          {
            "id": "b8940557c68c4862",
            "type": "leaf",
            "state": {
              "type": "outline",
              "state": {
                "file": "未命名.md",
                "followCursor": true,
                "showSearch": false,
                "searchQuery": ""
              },
              "icon": "lucide-list",
              "title": "未命名 的大纲"
            }
          },
          {
            "id": "45748bf1e6f33efe",
            "type": "leaf",
            "state": {
              "type": "backlink",
              "state": {
                "collapseAll": false,
                "extraContext": false,
                "sortOrder": "alphabetical",
                "showSearch": false,
                "searchQuery": "",
                "backlinkCollapsed": false,
                "unlinkedCollapsed": true
              },
              "icon": "links-coming-in",
              "title": "反向链接"
            }
          },
          {
            "id": "17d1159f641fa012",
            "type": "leaf",
            "state": {
              "type": "outgoing-link",
              "state": {
                "linksCollapsed": false,
                "unlinkedCollapsed": true
              },
              "icon": "links-going-out",
              "title": "出链"
            }
          },
          {
            "id": "b63cc0e6d6a5f67d",
            "type": "leaf",
            "state": {
              "type": "tag",
              "state": {
                "sortOrder": "frequency",
                "useHierarchy": true,
                "showSearch": false,
                "searchQuery": ""
              },
              "icon": "lucide-tags",
              "title": "标签"
            }
          }
        ]
      }
    ],
    "direction": "horizontal",
    "width": 252.5
  },
  "left-ribbon": {
    "hiddenItems": {
      "switcher:打开快速切换": false,
      "graph:查看关系图谱": false,
      "canvas:新建白板": false,
      "daily-notes:打开/创建今天的日记": false,
      "templates:插入模板": false,
      "command-palette:打开命令面板": false,
      "hide-folders:Hide hidden folders again": false,
      "bases:创建新数据库": false
    }
  },
  "active": "1836a21862afbe64",
  "lastOpenFiles": [
    "图床外链文章/Web学习笔记（一）：HTML篇.md",
    "未命名.md",
    "图床外链文章/Web学习笔记（三）：JavaScript篇.md",
    "图床外链文章/Java学习笔记（三）：面向对象编程.md",
    "图床外链文章/Java学习笔记（四）：异常处理.md",
    "01 - 编程技术/Web/3.Web学习笔记（三）：JavaScript篇.md",
    "图床外链文章/Web学习笔记（二）：CSS篇.md",
    "01 - 编程技术/Web/4.Web学习笔记（四）：jQuery篇.md",
    "01 - 编程技术/Java/15.Java学习笔记（十五）：网络编程.md",
    "01 - 编程技术/Java/17.Java学习笔记（十六）：设计模式与架构模式.md",
    "01 - 编程技术/Java/18.Java学习笔记（十七）：Web开发.md",
    "洛谷题单记录.md",
    "01 - 编程技术/Web/2.Web学习笔记（二）：CSS篇.md",
    "通知：个人公众号“码驿随想”开通.md",
    "01 - 编程技术/Web/1.Web学习笔记（一）：HTML篇.md",
    "01 - 编程技术/Web/5.Web学习笔记（五）：Vue3篇.md",
    "01 - 编程技术/微信小程序/7.微信小程序开发（七）：事件与冒泡.md",
    "01 - 编程技术/微信小程序/4.微信小程序开发（四）：TypeScript中的类与对象.md",
    "01 - 编程技术/微信小程序/1.微信小程序开发（一）：工具与起步.md",
    "01 - 编程技术/微信小程序/assets/7.微信小程序开发（七）：事件与冒泡/20250816120545021.png",
    "01 - 编程技术/微信小程序/assets/7.微信小程序开发（七）：事件与冒泡/20250707093202219.png",
    "01 - 编程技术/微信小程序/assets/4.微信小程序开发（四）：TypeScript中的类与对象/20250804222824572.png",
    "01 - 编程技术/微信小程序/assets/4.微信小程序开发（四）：TypeScript中的类与对象/20250804214924992.png",
    "01 - 编程技术/微信小程序/assets/4.微信小程序开发（四）：TypeScript中的类与对象/20250804214722750.png",
    "01 - 编程技术/微信小程序/assets/4.微信小程序开发（四）：TypeScript中的类与对象/20250804203545990.png",
    "01 - 编程技术/微信小程序/assets/1.微信小程序开发（一）：工具与起步/20250728141458327.png",
    "01 - 编程技术/微信小程序/assets/1.微信小程序开发（一）：工具与起步/20250728135211032.gif",
    "01 - 编程技术/微信小程序/assets/1.微信小程序开发（一）：工具与起步/20250728134705499.png",
    "01 - 编程技术/微信小程序/assets/1.微信小程序开发（一）：工具与起步/20250728133628228.png",
    "图床外链文章/Java学习笔记（六）：泛型.md",
    "01 - 编程技术/Java/7.Java学习笔记（七）：集合.md",
    "01 - 编程技术/Java/5.Java学习笔记（五）：反射与注解.md",
    "01 - 编程技术/Java/4Java学习笔记（四）：异常处理.md",
    "01 - 编程技术/Java/6.Java学习笔记（六）：泛型.md",
    "01 - 编程技术/数据结构与算法/0.notes.md",
    "00 - 项目文档/《番茄魔方》移动端文档/《番茄魔方》测试版开发流程.md",
    "01 - 编程技术/数据结构与算法",
    "未命名.canvas",
    "学习技能树.canvas",
    "assets/logisim使用基础",
    "assets/问题记录/20250909191352100.bat",
    "assets/问题记录/20250909191352085.bat",
    "assets/问题记录",
    "图床外链文章/assets/通知：个人公众号“码驿随想”开通",
    "图床外链文章/assets",
    "assets/通知：个人公众号“码驿随想”开通",
    "图床外链文章",
    "02 - 计科理论知识/assets/计算机科学速成课笔记"
  ]
}